Epoch,Train CER,Train Seq Acc,Test CER,Test Seq Acc
100,0.0009407500902919857,0.9788888888888889,0.0008166666666666666,0.98
